frame_id,timestamp_ms,x_cam,y_cam,z_cam,x_world,y_world,z_world,conf,detected
0,0,-0.0846,0.0607,7.4070,7.1389,0.0846,-0.6257,0.708,1
1,33,-0.0686,0.0632,7.3920,7.1239,0.0687,-0.6243,0.784,1
2,66,-0.0499,0.0657,7.3658,7.0985,0.0503,-0.6200,0.786,1
3,100,-0.0498,0.0655,7.3463,7.0782,0.0467,-0.6148,0.786,1
4,133,-0.0313,0.0678,7.3170,7.0520,0.0331,-0.6095,0.787,1
5,166,-0.0104,0.0676,7.2952,7.0288,0.0148,-0.6039,0.788,1
6,200,0.0052,0.0699,7.2644,7.0016,-0.0026,-0.5981,0.790,1
7,233,0.0155,0.0721,7.2271,6.9689,-0.0165,-0.5914,0.789,1
8,266,0.0154,0.0719,7.1994,6.9383,-0.0229,-0.5841,0.789,1
9,300,0.0256,0.0741,7.1646,6.9054,-0.0301,-0.5768,0.789,1
10,333,0.0407,0.0762,7.1247,6.8686,-0.0405,-0.5688,0.790,1
11,367,0.0429,0.0806,7.0675,6.8206,-0.0468,-0.5593,0.789,1
12,400,0.0500,0.0825,7.0116,6.7667,-0.0528,-0.5478,0.788,1
13,433,0.0497,0.0820,6.9703,6.7174,-0.0551,-0.5359,0.789,1
14,467,0.0544,0.0840,6.9264,6.6704,-0.0577,-0.5248,0.789,1
15,500,0.0589,0.0859,6.8808,6.6243,-0.0607,-0.5141,0.787,1
16,533,0.0634,0.0877,6.8341,6.5785,-0.0641,-0.5035,0.786,1
17,567,0.0581,0.0895,6.7868,6.5325,-0.0630,-0.4930,0.785,1
18,600,0.0578,0.0891,6.7518,6.4928,-0.0614,-0.4830,0.786,1
19,633,0.0599,0.0910,6.7133,6.4551,-0.0611,-0.4741,0.785,1
20,667,0.0618,0.0950,6.6602,6.4110,-0.0617,-0.4649,0.785,1
21,700,0.0613,0.0966,6.6089,6.3634,-0.0618,-0.4545,0.785,1
22,734,0.0656,0.0982,6.5591,6.3146,-0.0639,-0.4435,0.787,1
23,767,0.0652,0.0977,6.5222,6.2718,-0.0650,-0.4328,0.787,1
24,800,0.0647,0.1015,6.4717,6.2259,-0.0654,-0.4228,0.786,1
25,834,0.0642,0.1031,6.4229,6.1790,-0.0651,-0.4122,0.786,1
26,867,0.0637,0.1046,6.3756,6.1323,-0.0646,-0.4015,0.786,1
27,900,0.0632,0.1081,6.3186,6.0806,-0.0639,-0.3904,0.786,1
28,934,0.0627,0.1074,6.2764,6.0337,-0.0632,-0.3789,0.786,1
29,967,0.0601,0.1089,6.2344,5.9901,-0.0615,-0.3684,0.784,1
30,1001,0.0574,0.1124,6.1822,5.9431,-0.0590,-0.3581,0.786,1
31,1034,0.0547,0.1137,6.1333,5.8957,-0.0561,-0.3474,0.785,1
32,1067,0.0478,0.1150,6.0868,5.8493,-0.0509,-0.3366,0.786,1
33,1101,0.0475,0.1144,6.0524,5.8098,-0.0477,-0.3264,0.786,1
34,1134,0.0429,0.1178,6.0070,5.7688,-0.0438,-0.3172,0.786,1
35,1167,0.0341,0.1171,5.9733,5.7327,-0.0372,-0.3082,0.786,1
36,1201,0.0296,0.1205,5.9289,5.6939,-0.0311,-0.2997,0.787,1
37,1234,0.0168,0.1236,5.8769,5.6491,-0.0213,-0.2905,0.788,1
38,1267,0.0209,0.1228,5.8386,5.6076,-0.0179,-0.2804,0.787,1
39,1301,0.0083,0.1241,5.8008,5.5686,-0.0102,-0.2711,0.787,1
40,1334,0.0185,0.1254,5.7636,5.5314,-0.0115,-0.2622,0.782,1
41,1368,0.0164,0.1266,5.7270,5.4956,-0.0122,-0.2538,0.782,1
42,1401,0.0244,0.1278,5.6909,5.4607,-0.0174,-0.2456,0.778,1
43,1434,0.0243,0.1272,5.6641,5.4311,-0.0211,-0.2379,0.778,1
44,1468,0.0362,0.1286,5.6354,5.4035,-0.0296,-0.2312,0.773,1
45,1501,0.0440,0.1299,5.6054,5.3762,-0.0389,-0.2249,0.769,1
46,1534,0.0439,0.1276,5.5917,5.3572,-0.0442,-0.2191,0.766,1
47,1568,0.0438,0.1292,5.5729,5.3403,-0.0467,-0.2148,0.764,1
48,1601,0.0437,0.1288,5.5589,5.3268,-0.0474,-0.2111,0.764,1
49,1634,0.0575,0.1286,5.5484,5.3167,-0.0541,-0.2081,0.760,1
50,1668,0.0632,0.1302,5.5321,5.3051,-0.0610,-0.2057,0.756,1
51,1701,0.0710,0.1299,5.5199,5.2943,-0.0687,-0.2031,0.757,1
52,1735,0.0787,0.1297,5.5108,5.2852,-0.0768,-0.2007,0.753,1
53,1768,0.0786,0.1295,5.5040,5.2782,-0.0810,-0.1987,0.753,1
54,1801,0.0904,0.1294,5.4989,5.2731,-0.0887,-0.1971,0.752,1
55,1835,0.1021,0.1293,5.4950,5.2695,-0.0987,-0.1960,0.749,1
56,1868,0.1136,0.1310,5.4837,5.2628,-0.1101,-0.1950,0.749,1
57,1901,0.1135,0.1308,5.4753,5.2555,-0.1162,-0.1934,0.749,1
58,1935,0.1133,0.1307,5.4691,5.2487,-0.1186,-0.1918,0.749,1
59,1968,0.1171,0.1306,5.4643,5.2431,-0.1208,-0.1903,0.749,1
60,2002,0.1249,0.1305,5.4608,5.2388,-0.1252,-0.1891,0.749,1
61,2035,0.1248,0.1304,5.4581,5.2358,-0.1273,-0.1881,0.749,1
62,2068,0.1286,0.1304,5.4561,5.2338,-0.1298,-0.1875,0.749,1
63,2102,0.1286,0.1303,5.4546,5.2326,-0.1308,-0.1870,0.749,1
64,2135,0.1327,0.1285,5.4617,5.2361,-0.1330,-0.1870,0.749,1
65,2168,0.1328,0.1287,5.4670,5.2416,-0.1341,-0.1879,0.749,1
66,2202,0.1329,0.1288,5.4710,5.2472,-0.1344,-0.1891,0.749,1
67,2235,0.1291,0.1288,5.4740,5.2521,-0.1324,-0.1904,0.749,1
68,2268,0.1291,0.1289,5.4763,5.2560,-0.1308,-0.1915,0.749,1
69,2302,0.1292,0.1289,5.4780,5.2588,-0.1298,-0.1923,0.749,1
70,2335,0.1253,0.1290,5.4793,5.2606,-0.1272,-0.1929,0.749,1
71,2369,0.1216,0.1272,5.4885,5.2661,-0.1237,-0.1935,0.749,1
72,2402,0.1178,0.1274,5.4955,5.2726,-0.1197,-0.1948,0.749,1
73,2435,0.1179,0.1275,5.5008,5.2789,-0.1174,-0.1963,0.749,1
74,2469,0.1103,0.1258,5.5131,5.2885,-0.1125,-0.1979,0.749,1
75,2502,0.1026,0.1260,5.5224,5.2985,-0.1058,-0.2002,0.749,1
76,2535,0.0930,0.1244,5.5379,5.3118,-0.0970,-0.2026,0.749,1
77,2569,0.0754,0.1229,5.5581,5.3294,-0.0830,-0.2059,0.749,1
78,2602,0.0756,0.1232,5.5734,5.3468,-0.0750,-0.2099,0.749,1
79,2635,0.0598,0.1235,5.5849,5.3618,-0.0631,-0.2138,0.749,1
80,2669,0.0360,0.1218,5.6022,5.3780,-0.0445,-0.2174,0.749,1
81,2702,0.0221,0.1203,5.6240,5.3973,-0.0268,-0.2213,0.749,1
82,2736,0.0040,0.1188,5.6493,5.4200,-0.0081,-0.2259,0.749,1
83,2769,0.0041,0.1192,5.6683,5.4416,0.0017,-0.2311,0.749,1
84,2802,-0.0122,0.1177,5.6917,5.4643,0.0138,-0.2361,0.749,1
85,2836,-0.0327,0.1162,5.7182,5.4892,0.0299,-0.2415,0.749,1
86,2869,-0.0657,0.1148,5.7474,5.5168,0.0552,-0.2474,0.749,1
87,2902,-0.0825,0.1133,5.7786,5.5467,0.0780,-0.2539,0.749,1
88,2936,-0.0829,0.1138,5.8023,5.5739,0.0900,-0.2606,0.749,1
89,2969,-0.1124,0.1122,5.8294,5.6011,0.1098,-0.2669,0.749,1
90,3003,-0.1339,0.1107,5.8593,5.6294,0.1309,-0.2732,0.749,1
91,3036,-0.1725,0.1092,5.8914,5.6596,0.1615,-0.2799,0.749,1
92,3069,-0.1989,0.1078,5.9252,5.6917,0.1919,-0.2870,0.749,1
93,3103,-0.1998,0.1082,5.9508,5.7206,0.2083,-0.2942,0.749,1
94,3136,-0.2221,0.1066,5.9799,5.7492,0.2263,-0.3008,0.749,1
95,3169,-0.2534,0.1051,6.0116,5.7790,0.2504,-0.3075,0.749,1
96,3203,-0.2812,0.1015,6.0557,5.8159,0.2769,-0.3148,0.749,1
97,3236,-0.3137,0.1001,6.0992,5.8568,0.3073,-0.3236,0.749,1
98,3269,-0.3154,0.1006,6.1322,5.8946,0.3240,-0.3328,0.749,1
99,3303,-0.3437,0.0990,6.1675,5.9311,0.3452,-0.3414,0.749,1
100,3336,-0.3769,0.0974,6.2045,5.9676,0.3723,-0.3498,0.749,1
101,3370,-0.4262,0.0958,6.2429,6.0046,0.4116,-0.3583,0.749,1
102,3403,-0.4544,0.0921,6.2935,6.0484,0.4477,-0.3673,0.749,1
103,3436,-0.4572,0.0927,6.3320,6.0899,0.4679,-0.3771,0.749,1
104,3470,-0.4875,0.0910,6.3721,6.1306,0.4914,-0.3867,0.749,1
105,3503,-0.5274,0.0893,6.4134,6.1713,0.5227,-0.3960,0.749,1
106,3536,-0.5667,0.0855,6.4674,6.2184,0.5589,-0.4059,0.749,1
107,3570,-0.6017,0.0839,6.5197,6.2687,0.5958,-0.4169,0.749,1
108,3603,-0.6054,0.0844,6.5596,6.3140,0.6167,-0.4281,0.749,1
109,3636,-0.6472,0.0826,6.6013,6.3571,0.6464,-0.4384,0.749,1
110,3670,-0.6801,0.0808,6.6446,6.3994,0.6779,-0.4482,0.749,1
111,3703,-0.7173,0.0767,6.7018,6.4485,0.7127,-0.4585,0.749,1
112,3737,-0.7598,0.0749,6.7573,6.5011,0.7522,-0.4701,0.749,1
113,3770,-0.7596,0.0754,6.7997,6.5487,0.7727,-0.4817,0.749,1
114,3803,-0.8090,0.0735,6.8440,6.5941,0.8058,-0.4925,0.749,1
115,3837,-0.8543,0.0715,6.8900,6.6389,0.8456,-0.5029,0.749,1
116,3870,-0.8995,0.0672,6.9509,6.6910,0.8898,-0.5138,0.749,1
117,3903,-0.9351,0.0653,7.0103,6.7471,0.9312,-0.5260,0.749,1
118,3937,-0.9411,0.0657,7.0555,6.7981,0.9551,-0.5385,0.749,1
119,3970,-0.9886,0.0636,7.1030,6.8467,0.9887,-0.5500,0.749,1
120,4004,-1.0266,0.0615,7.1525,6.8948,1.0245,-0.5611,0.749,1
121,4037,-1.0753,0.0569,7.2180,6.9510,1.0673,-0.5728,0.749,1
122,4070,-1.1166,0.0548,7.2819,7.0114,1.1107,-0.5861,0.749,1
123,4104,-1.1240,0.0552,7.3306,7.0663,1.1367,-0.5994,0.749,1
124,4137,-1.1668,0.0529,7.3818,7.1188,1.1691,-0.6118,0.749,1
125,4170,-1.2105,0.0507,7.4352,7.1707,1.2069,-0.6238,0.749,1
126,4204,-1.2604,0.0376,7.4904,7.2247,1.2515,-0.6304,0.749,1
127,4237,-1.3003,0.0352,7.5474,7.2797,1.2953,-0.6390,0.749,1
128,4270,-1.3077,0.0354,7.5906,7.3281,1.3212,-0.6488,0.749,1
129,4304,-1.3943,0.0302,7.6539,7.3829,1.3760,-0.6594,0.748,1
130,4337,-1.4314,0.0277,7.7180,7.4420,1.4249,-0.6720,0.751,1
131,4371,-1.4891,0.0251,7.7823,7.5040,1.4794,-0.6857,0.755,1
132,4404,-1.5103,0.0225,7.8480,7.5683,1.5185,-0.7004,0.756,1
133,4437,-1.5257,0.0227,7.8980,7.6255,1.5440,-0.7147,0.757,1
134,4471,-1.5597,0.0200,7.9527,7.6803,1.5707,-0.7278,0.762,1
135,4504,-1.5954,0.0144,8.0293,7.7451,1.6001,-0.7415,0.764,1
136,4537,-1.6307,0.0145,8.0872,7.8065,1.6317,-0.7561,0.767,1
137,4571,-1.6702,0.0117,8.1487,7.8675,1.6671,-0.7701,0.770,1
138,4604,-1.6798,0.0117,8.1955,7.9206,1.6901,-0.7832,0.770,1
139,4637,-1.7464,0.0059,8.2673,7.9814,1.7331,-0.7961,0.768,1
140,4671,-1.7897,0.0029,8.3405,8.0479,1.7784,-0.8105,0.768,1
141,4704,-1.8431,-0.0001,8.4148,8.1186,1.8295,-0.8259,0.769,1
142,4738,-1.8961,-0.0063,8.4701,8.1831,1.8837,-0.8383,0.772,1
143,4771,-1.9055,-0.0063,8.5121,8.2360,1.9179,-0.8495,0.773,1
144,4804,-1.9488,-0.0094,8.5633,8.2856,1.9547,-0.8599,0.773,1
145,4838,-1.9974,-0.0126,8.6216,8.3371,1.9962,-0.8706,0.773,1
146,4871,-2.0769,-0.0222,8.6848,8.3935,2.0562,-0.8794,0.767,1
147,4904,-2.1259,-0.0255,8.7531,8.4550,2.1140,-0.8905,0.766,1
148,4938,-2.1386,-0.0193,8.8050,8.5113,2.1521,-0.9056,0.766,1
149,4971,-2.1830,-0.0291,8.8652,8.5695,2.1913,-0.9171,0.767,1
150,5005,-2.2164,-0.0326,8.9325,8.6315,2.2265,-0.9297,0.770,1
151,5038,-2.2491,-0.0328,8.9830,8.6880,2.2591,-0.9426,0.772,1
152,5071,-2.2948,-0.0363,9.0430,8.7453,2.2964,-0.9552,0.772,1
153,5105,-2.3063,-0.0365,9.0885,8.7963,2.3214,-0.9674,0.773,1
154,5138,-2.3448,-0.0400,9.1455,8.8484,2.3506,-0.9791,0.774,1
155,5171,-2.3895,-0.0437,9.2113,8.9057,2.3862,-0.9916,0.774,1
156,5205,-2.4260,-0.0474,9.2848,8.9700,2.4226,-1.0054,0.776,1
157,5238,-2.4616,-0.0477,9.3399,9.0308,2.4591,-1.0195,0.775,1
158,5271,-2.4726,-0.0479,9.3816,9.0828,2.4843,-1.0323,0.776,1
159,5305,-2.5051,-0.0517,9.4374,9.1349,2.5113,-1.0441,0.777,1
160,5338,-2.5199,-0.0519,9.4796,9.1812,2.5320,-1.0553,0.775,1
161,5372,-2.5458,-0.0557,9.5364,9.2303,2.5535,-1.0661,0.775,1
162,5405,-2.5645,-0.0560,9.5792,9.2754,2.5727,-1.0767,0.772,1
163,5438,-2.5732,-0.0561,9.6116,9.3133,2.5861,-1.0861,0.773,1
164,5472,-2.5939,-0.0600,9.6618,9.3545,2.6012,-1.0951,0.773,1
165,5505,-2.6077,-0.0602,9.6997,9.3929,2.6148,-1.1040,0.771,1
166,5538,-2.6299,-0.0641,9.7546,9.4372,2.6312,-1.1134,0.770,1
167,5572,-2.6447,-0.0644,9.7960,9.4798,2.6469,-1.1232,0.770,1
168,5605,-2.6532,-0.0646,9.8273,9.5169,2.6591,-1.1322,0.770,1
169,5638,-2.6743,-0.0685,9.8779,9.5587,2.6744,-1.1412,0.767,1
170,5672,-2.6884,-0.0688,9.9161,9.5984,2.6893,-1.1503,0.767,1
171,5705,-2.7150,-0.0728,9.9722,9.6445,2.7091,-1.1601,0.765,1
172,5739,-2.7303,-0.0731,10.0146,9.6893,2.7276,-1.1703,0.765,1
173,5772,-2.7390,-0.0734,10.0467,9.7285,2.7423,-1.1797,0.765,1
174,5805,-2.7494,-0.0735,10.0707,9.7601,2.7547,-1.1877,0.763,1
175,5839,-2.7621,-0.0776,10.1174,9.7965,2.7666,-1.1954,0.762,1
176,5872,-2.7718,-0.0778,10.1527,9.8314,2.7770,-1.2035,0.762,1
177,5905,-2.7790,-0.0780,10.1793,9.8619,2.7855,-1.2108,0.761,1
178,5939,-2.7845,-0.0782,10.1994,9.8865,2.7919,-1.2170,0.761,1
179,5972,-2.7886,-0.0783,10.2145,9.9052,2.7965,-1.2218,0.761,1
180,6006,-2.7956,-0.0784,10.2257,9.9183,2.8011,-1.2254,0.761,1
181,6039,-2.7979,-0.0785,10.2341,9.9269,2.8041,-1.2277,0.761,1
182,6072,-2.8076,-0.0825,10.2699,9.9446,2.8093,-1.2309,0.761,1
183,6106,-2.8150,-0.0827,10.2969,9.9655,2.8152,-1.2353,0.761,1
184,6139,-2.8245,-0.0829,10.3171,9.9861,2.8226,-1.2400,0.761,1
185,6172,-2.8286,-0.0830,10.3323,10.0043,2.8289,-1.2443,0.762,1
186,6206,-2.8317,-0.0831,10.3437,10.0191,2.8337,-1.2480,0.762,1
187,6239,-2.8341,-0.0831,10.3523,10.0305,2.8373,-1.2509,0.762,1
188,6272,-2.8359,-0.0832,10.3588,10.0386,2.8398,-1.2530,0.762,1
189,6306,-2.8372,-0.0832,10.3636,10.0439,2.8413,-1.2545,0.762,1
190,6339,-2.8382,-0.0833,10.3672,10.0471,2.8421,-1.2555,0.761,1
191,6373,-2.8389,-0.0833,10.3700,10.0488,2.8425,-1.2560,0.761,1
192,6406,-2.8395,-0.0833,10.3720,10.0494,2.8425,-1.2562,0.761,1
193,6439,-2.8399,-0.0833,10.3736,10.0493,2.8423,-1.2563,0.761,1
194,6473,-2.8402,-0.0833,10.3747,10.0488,2.8421,-1.2562,0.761,1
195,6506,-2.8366,-0.0833,10.3757,10.0483,2.8402,-1.2561,0.760,1
196,6539,-2.8368,-0.0833,10.3765,10.0478,2.8388,-1.2560,0.760,1
197,6573,-2.8369,-0.0833,10.3771,10.0474,2.8378,-1.2559,0.760,1
198,6606,-2.8370,-0.0833,10.3775,10.0470,2.8372,-1.2558,0.760,1
199,6639,-2.8332,-0.0833,10.3779,10.0468,2.8352,-1.2558,0.759,1
200,6673,-2.8333,-0.0833,10.3783,10.0468,2.8339,-1.2558,0.759,1
201,6706,-2.8334,-0.0833,10.3786,10.0468,2.8331,-1.2558,0.759,1
202,6740,-2.8335,-0.0833,10.3788,10.0468,2.8327,-1.2558,0.759,1
203,6773,-2.8335,-0.0833,10.3789,10.0469,2.8326,-1.2558,0.759,1
204,6806,-2.8335,-0.0833,10.3790,10.0470,2.8326,-1.2558,0.759,1
205,6840,-2.8336,-0.0833,10.3791,10.0471,2.8328,-1.2558,0.759,1
206,6873,-2.8336,-0.0833,10.3792,10.0471,2.8329,-1.2558,0.759,1
207,6906,-2.8336,-0.0833,10.3792,10.0472,2.8331,-1.2558,0.759,1
208,6940,-2.8336,-0.0833,10.3793,10.0472,2.8333,-1.2559,0.759,1
209,6973,-2.8336,-0.0833,10.3793,10.0472,2.8334,-1.2559,0.759,1
210,7007,-2.8336,-0.0833,10.3793,10.0473,2.8335,-1.2559,0.759,1
211,7040,-2.8336,-0.0833,10.3793,10.0473,2.8336,-1.2559,0.759,1
212,7073,-2.8336,-0.0833,10.3793,10.0473,2.8336,-1.2559,0.759,1
213,7107,-2.8336,-0.0833,10.3793,10.0473,2.8336,-1.2559,0.759,1
214,7140,-2.8336,-0.0833,10.3793,10.0473,2.8337,-1.2559,0.759,1
215,7173,-2.8336,-0.0833,10.3793,10.0473,2.8337,-1.2559,0.759,1
216,7207,-2.8336,-0.0833,10.3793,10.0473,2.8337,-1.2559,0.759,1
217,7240,-2.8336,-0.0833,10.3793,10.0473,2.8337,-1.2559,0.759,1
218,7273,-2.8336,-0.0833,10.3793,10.0473,2.8336,-1.2559,0.759,1
219,7307,-2.8336,-0.0833,10.3794,10.0473,2.8336,-1.2559,0.759,1
220,7340,-2.8336,-0.0833,10.3794,10.0473,2.8336,-1.2559,0.759,1
221,7374,-2.8336,-0.0833,10.3794,10.0473,2.8336,-1.2559,0.759,1
222,7407,-2.8336,-0.0833,10.3794,10.0473,2.8336,-1.2559,0.759,1
223,7440,-2.8336,-0.0833,10.3794,10.0473,2.8336,-1.2559,0.759,1
224,7474,-2.8336,-0.0833,10.3794,10.0473,2.8336,-1.2559,0.759,1
225,7507,-2.8336,-0.0833,10.3794,10.0473,2.8336,-1.2559,0.759,1
226,7540,-2.8336,-0.0833,10.3794,10.0473,2.8336,-1.2559,0.759,1
227,7574,-2.8375,-0.0834,10.3792,10.0472,2.8353,-1.2558,0.762,1
228,7607,-2.8375,-0.0834,10.3791,10.0471,2.8365,-1.2558,0.761,1
229,7640,-2.8375,-0.0834,10.3790,10.0470,2.8373,-1.2558,0.762,1
230,7674,-2.8374,-0.0834,10.3790,10.0469,2.8377,-1.2558,0.763,1
231,7707,-2.8374,-0.0834,10.3789,10.0468,2.8380,-1.2558,0.763,1
232,7741,-2.8292,-0.0944,10.3487,10.0355,2.8345,-1.2478,0.763,1
233,7774,-2.8230,-0.0942,10.3262,10.0180,2.8292,-1.2396,0.763,1
234,7807,-2.8145,-0.0940,10.3095,9.9988,2.8219,-1.2323,0.765,1
235,7841,-2.8192,-0.0980,10.3268,9.9936,2.8189,-1.2278,0.765,1
236,7874,-2.8228,-0.0981,10.3398,9.9967,2.8187,-1.2267,0.766,1
237,7907,-2.8255,-0.0982,10.3496,10.0044,2.8202,-1.2276,0.766,1
238,7941,-2.8275,-0.0982,10.3570,10.0139,2.8225,-1.2296,0.766,1
239,7974,-2.8290,-0.0983,10.3625,10.0234,2.8250,-1.2321,0.766,1
240,8008,-2.8223,-0.0983,10.3669,10.0320,2.8241,-1.2345,0.764,1
241,8041,-2.8232,-0.0984,10.3703,10.0392,2.8238,-1.2367,0.765,1
242,8074,-2.8239,-0.0984,10.3728,10.0446,2.8238,-1.2385,0.765,1
243,8108,-2.8244,-0.0984,10.3747,10.0486,2.8240,-1.2398,0.766,1
244,8141,-2.8248,-0.0984,10.3761,10.0512,2.8244,-1.2408,0.766,1
245,8174,-2.8251,-0.0984,10.3771,10.0528,2.8248,-1.2414,0.766,1
246,8208,-2.8253,-0.0984,10.3779,10.0536,2.8251,-1.2418,0.766,1
247,8241,-2.8255,-0.0984,10.3785,10.0538,2.8254,-1.2420,0.765,1
248,8274,-2.8213,-0.0944,10.3487,10.0408,2.8238,-1.2403,0.764,1
249,8308,-2.8114,-0.0942,10.3266,10.0218,2.8183,-1.2367,0.762,1
250,8341,-2.7991,-0.0940,10.3104,10.0016,2.8091,-1.2323,0.761,1
251,8375,-2.7958,-0.0939,10.2983,9.9830,2.8013,-1.2279,0.761,1
252,8408,-2.7934,-0.0938,10.2893,9.9673,2.7952,-1.2241,0.761,1
253,8441,-2.7761,-0.0938,10.2830,9.9552,2.7840,-1.2211,0.761,1
254,8475,-2.7594,-0.0937,10.2790,9.9469,2.7696,-1.2189,0.760,1
255,8508,-2.7586,-0.0937,10.2759,9.9415,2.7598,-1.2175,0.760,1
256,8541,-2.7580,-0.0936,10.2736,9.9385,2.7539,-1.2166,0.760,1
257,8575,-2.7344,-0.0936,10.2728,9.9375,2.7408,-1.2162,0.760,1
258,8608,-2.7150,-0.0936,10.2729,9.9381,2.7243,-1.2163,0.760,1
259,8641,-2.7035,-0.0936,10.2733,9.9396,2.7088,-1.2166,0.762,1
260,8675,-2.6844,-0.0935,10.2744,9.9419,2.6912,-1.2172,0.761,1
261,8708,-2.6846,-0.0936,10.2752,9.9442,2.6804,-1.2178,0.762,1
262,8742,-2.6655,-0.0935,10.2765,9.9467,2.6666,-1.2184,0.761,1
263,8775,-2.6350,-0.0935,10.2786,9.9494,2.6455,-1.2191,0.763,1
264,8808,-2.6201,-0.0935,10.2807,9.9522,2.6258,-1.2199,0.761,1
265,8842,-2.6013,-0.0935,10.2829,9.9550,2.6058,-1.2206,0.760,1
266,8875,-2.6017,-0.0935,10.2846,9.9575,2.5941,-1.2213,0.761,1
267,8908,-2.5829,-0.0935,10.2866,9.9598,2.5802,-1.2219,0.759,1
268,8942,-2.5488,-0.0935,10.2892,9.9623,2.5580,-1.2226,0.760,1
269,8975,-2.5339,-0.0935,10.2918,9.9648,2.5378,-1.2233,0.761,1
270,9009,-2.4694,-0.0934,10.2959,9.9680,2.4982,-1.2242,0.766,1
271,9042,-2.4701,-0.0935,10.2989,9.9713,2.4725,-1.2250,0.768,1
272,9075,-2.4407,-0.0895,10.2725,9.9618,2.4450,-1.2243,0.766,1
273,9109,-2.4201,-0.0932,10.2829,9.9593,2.4199,-1.2232,0.764,1
274,9142,-2.3923,-0.0893,10.2621,9.9484,2.3937,-1.2217,0.763,1
275,9175,-2.3621,-0.0892,10.2473,9.9346,2.3656,-1.2190,0.763,1
276,9209,-2.3595,-0.0891,10.2363,9.9205,2.3481,-1.2160,0.763,1
277,9242,-2.3236,-0.0890,10.2292,9.9084,2.3240,-1.2132,0.762,1
278,9275,-2.2921,-0.0889,10.2248,9.8991,2.2967,-1.2109,0.762,1
279,9309,-2.2612,-0.0888,10.2224,9.8929,2.2672,-1.2094,0.763,1
280,9342,-2.2307,-0.0888,10.2216,9.8895,2.2366,-1.2085,0.764,1
281,9376,-2.2305,-0.0888,10.2210,9.8881,2.2185,-1.2081,0.764,1
282,9409,-2.1890,-0.0887,10.2217,9.8885,2.1916,-1.2081,0.763,1
283,9442,-2.1553,-0.0887,10.2233,9.8903,2.1615,-1.2085,0.764,1
284,9476,-2.1254,-0.0887,10.2254,9.8931,2.1308,-1.2092,0.764,1
285,9509,-2.0786,-0.0847,10.1992,9.8841,2.0924,-1.2085,0.763,1
286,9542,-2.0746,-0.0846,10.1796,9.8695,2.0673,-1.2059,0.764,1
287,9576,-2.0455,-0.0844,10.1657,9.8537,2.0414,-1.2026,0.763,1
288,9609,-2.0136,-0.0843,10.1562,9.8392,2.0133,-1.1993,0.761,1
289,9642,-1.9787,-0.0842,10.1499,9.8275,1.9823,-1.1966,0.761,1
290,9676,-1.8925,-0.0841,10.1476,9.8197,1.9269,-1.1947,0.769,1
291,9709,-1.8921,-0.0841,10.1458,9.8150,1.8913,-1.1934,0.771,1
292,9743,-1.8622,-0.0841,10.1452,9.8129,1.8583,-1.1929,0.767,1
293,9776,-1.8251,-0.0840,10.1457,9.8129,1.8240,-1.1928,0.765,1
294,9809,-1.7882,-0.0840,10.1470,9.8145,1.7887,-1.1931,0.767,1
295,9843,-1.7551,-0.0840,10.1488,9.8172,1.7543,-1.1938,0.764,1
296,9876,-1.7553,-0.0840,10.1501,9.8201,1.7350,-1.1945,0.765,1
297,9909,-1.7038,-0.0840,10.1524,9.8234,1.7041,-1.1953,0.767,1
298,9943,-1.6635,-0.0840,10.1550,9.8270,1.6691,-1.1962,0.766,1
299,9976,-1.6269,-0.0840,10.1578,9.8306,1.6328,-1.1972,0.768,1
300,10010,-1.5830,-0.0840,10.1609,9.8343,1.5925,-1.1982,0.764,1
301,10043,-1.5834,-0.0840,10.1632,9.8376,1.5687,-1.1990,0.765,1
302,10076,-1.5462,-0.0801,10.1372,9.8282,1.5408,-1.1983,0.762,1
303,10110,-1.4662,-0.0799,10.1194,9.8135,1.4909,-1.1957,0.768,1
304,10143,-1.4278,-0.0798,10.1068,9.7977,1.4430,-1.1924,0.768,1
305,10176,-1.3826,-0.0797,10.0983,9.7835,1.3945,-1.1892,0.765,1
306,10210,-1.3818,-0.0796,10.0919,9.7717,1.3654,-1.1864,0.766,1
307,10243,-1.3301,-0.0796,10.0880,9.7631,1.3284,-1.1842,0.766,1
308,10276,-1.2897,-0.0795,10.0859,9.7575,1.2901,-1.1828,0.765,1
309,10310,-1.2495,-0.0795,10.0850,9.7546,1.2509,-1.1820,0.762,1
310,10343,-1.1550,-0.0794,10.0859,9.7542,1.1875,-1.1818,0.768,1
311,10377,-1.1551,-0.0794,10.0865,9.7553,1.1478,-1.1820,0.770,1
312,10410,-1.0681,-0.0650,10.0884,9.7560,1.0884,-1.1887,0.768,1
313,10443,-1.0066,-0.0650,10.0907,9.7581,1.0257,-1.1938,0.771,1
314,10477,-0.9597,-0.0650,10.0931,9.7609,0.9676,-1.1976,0.772,1
315,10510,-0.9092,-0.0650,10.0956,9.7642,0.9118,-1.2003,0.770,1
316,10543,-0.9093,-0.0650,10.0974,9.7673,0.8801,-1.2020,0.772,1
317,10577,-0.8696,-0.0650,10.0993,9.7701,0.8484,-1.2030,0.768,1
318,10610,-0.8082,-0.0650,10.1014,9.7729,0.8063,-1.2036,0.771,1
319,10643,-0.7520,-0.0612,10.0756,9.7632,0.7583,-1.2023,0.772,1
320,10677,-0.6966,-0.0610,10.0568,9.7480,0.7062,-1.1991,0.773,1
321,10710,-0.6956,-0.0610,10.0429,9.7313,0.6754,-1.1951,0.774,1
322,10744,-0.6447,-0.0609,10.0329,9.7159,0.6382,-1.1912,0.774,1
323,10777,-0.5868,-0.0608,10.0259,9.7032,0.5928,-1.1879,0.775,1
324,10810,-0.5436,-0.0608,10.0210,9.6936,0.5475,-1.1852,0.777,1
325,10844,-0.4861,-0.0608,10.0177,9.6870,0.4965,-1.1833,0.776,1
326,10877,-0.4860,-0.0607,10.0153,9.6829,0.4665,-1.1821,0.778,1
327,10910,-0.4358,-0.0607,10.0137,9.6808,0.4300,-1.1814,0.775,1
328,10944,-0.3893,-0.0607,10.0129,9.6801,0.3899,-1.1811,0.777,1
329,10977,-0.3357,-0.0607,10.0125,9.6805,0.3437,-1.1811,0.776,1
330,11011,-0.2813,-0.0570,9.9850,9.6694,0.2930,-1.1798,0.775,1
331,11044,-0.2808,-0.0569,9.9645,9.6532,0.2629,-1.1767,0.777,1
332,11077,-0.2235,-0.0568,9.9494,9.6360,0.2231,-1.1730,0.777,1
333,11111,-0.1666,-0.0567,9.9382,9.6203,0.1757,-1.1693,0.779,1
334,11144,-0.1204,-0.0566,9.9299,9.6073,0.1277,-1.1661,0.779,1
335,11177,-0.0708,-0.0566,9.9238,9.5972,0.0781,-1.1635,0.782,1
336,11211,-0.0707,-0.0566,9.9192,9.5901,0.0495,-1.1616,0.783,1
337,11244,-0.0212,-0.0566,9.9158,9.5853,0.0143,-1.1603,0.780,1
338,11277,0.0212,-0.0529,9.8864,9.5705,-0.0232,-1.1579,0.780,1
339,11311,0.0844,-0.0528,9.8643,9.5519,-0.0719,-1.1541,0.780,1
340,11344,0.1405,-0.0527,9.8478,9.5332,-0.1255,-1.1499,0.782,1
341,11378,0.1403,-0.0526,9.8354,9.5166,-0.1570,-1.1459,0.784,1
342,11411,0.1892,-0.0526,9.8260,9.5030,-0.1941,-1.1425,0.781,1
343,11444,0.2381,-0.0525,9.8188,9.4926,-0.2359,-1.1398,0.782,1
344,11478,0.2793,-0.0489,9.7870,9.4733,-0.2777,-1.1362,0.783,1
345,11511,0.3273,-0.0487,9.7630,9.4513,-0.3225,-1.1315,0.781,1
346,11544,0.3267,-0.0487,9.7450,9.4304,-0.3475,-1.1267,0.782,1
347,11578,0.3923,-0.0486,9.7313,9.4122,-0.3881,-1.1222,0.777,1
348,11611,0.4370,-0.0486,9.7207,9.3977,-0.4311,-1.1185,0.776,1
349,11644,0.4644,-0.0485,9.7126,9.3867,-0.4678,-1.1156,0.779,1
350,11678,0.4988,-0.0485,9.7063,9.3789,-0.5030,-1.1134,0.778,1
351,11711,0.4985,-0.0485,9.7016,9.3737,-0.5218,-1.1120,0.779,1
352,11745,0.5573,-0.0485,9.6976,9.3704,-0.5555,-1.1110,0.780,1
353,11778,0.5902,-0.0449,9.6686,9.3567,-0.5891,-1.1089,0.781,1
354,11811,0.6199,-0.0448,9.6467,9.3389,-0.6211,-1.1052,0.782,1
355,11845,0.6602,-0.0447,9.6299,9.3205,-0.6567,-1.1011,0.782,1
356,11878,0.6593,-0.0446,9.6173,9.3041,-0.6762,-1.0971,0.783,1
357,11911,0.6931,-0.0446,9.6076,9.2904,-0.7000,-1.0937,0.780,1
358,11945,0.7303,-0.0446,9.5999,9.2798,-0.7290,-1.0909,0.779,1
359,11978,0.7677,-0.0446,9.5938,9.2719,-0.7619,-1.0887,0.780,1
360,12012,0.8064,-0.0410,9.5634,9.2547,-0.7983,-1.0857,0.777,1
361,12045,0.8045,-0.0409,9.5408,9.2345,-0.8183,-1.0814,0.778,1
362,12078,0.8338,-0.0409,9.5236,9.2148,-0.8407,-1.0769,0.779,1
363,12112,0.8566,-0.0408,9.5104,9.1976,-0.8623,-1.0727,0.782,1
364,12145,0.8693,-0.0408,9.5003,9.1837,-0.8792,-1.0691,0.783,1
365,12178,0.9061,-0.0407,9.4923,9.1731,-0.9038,-1.0663,0.779,1
366,12212,0.9055,-0.0407,9.4863,9.1655,-0.9172,-1.0642,0.780,1
367,12245,0.9357,-0.0407,9.4813,9.1603,-0.9367,-1.0628,0.780,1
368,12278,0.9601,-0.0372,9.4526,9.1455,-0.9584,-1.0603,0.781,1
369,12312,0.9783,-0.0371,9.4309,9.1271,-0.9786,-1.0565,0.783,1
370,12345,0.9969,-0.0371,9.4143,9.1087,-0.9981,-1.0523,0.781,1
371,12379,0.9956,-0.0370,9.4020,9.0926,-1.0078,-1.0484,0.782,1
372,12412,1.0148,-0.0370,9.3924,9.0794,-1.0203,-1.0450,0.785,1
373,12445,1.0343,-0.0370,9.3850,9.0693,-1.0352,-1.0424,0.783,1
374,12479,1.0539,-0.0369,9.3791,9.0620,-1.0522,-1.0404,0.782,1
375,12512,1.0743,-0.0335,9.3501,9.0457,-1.0710,-1.0376,0.784,1
376,12545,1.0718,-0.0334,9.3285,9.0265,-1.0804,-1.0335,0.784,1
377,12579,1.1001,-0.0334,9.3119,9.0077,-1.0974,-1.0292,0.779,1
378,12612,1.1121,-0.0333,9.2992,8.9914,-1.1124,-1.0252,0.781,1
379,12645,1.1243,-0.0333,9.2895,8.9782,-1.1261,-1.0218,0.781,1
380,12679,1.1406,-0.0299,9.2582,8.9572,-1.1407,-1.0178,0.779,1
381,12712,1.1311,-0.0298,9.2350,8.9345,-1.1440,-1.0128,0.781,1
382,12746,1.1489,-0.0297,9.2173,8.9136,-1.1523,-1.0079,0.781,1
383,12779,1.1539,-0.0297,9.2040,8.8960,-1.1586,-1.0035,0.783,1
384,12812,1.1559,-0.0297,9.1939,8.8824,-1.1622,-1.0000,0.784,1
385,12846,1.1649,-0.0297,9.1863,8.8726,-1.1675,-0.9973,0.784,1
386,12879,1.1642,-0.0296,9.1805,8.8659,-1.1696,-0.9954,0.784,1
387,12912,1.1640,-0.0263,9.1530,8.8508,-1.1698,-0.9929,0.782,1
388,12946,1.1647,-0.0262,9.1324,8.8330,-1.1695,-0.9892,0.783,1
389,12979,1.1628,-0.0262,9.1170,8.8159,-1.1677,-0.9852,0.783,1
390,13013,1.1617,-0.0228,9.0826,8.7903,-1.1655,-0.9803,0.783,1
391,13046,1.1584,-0.0228,9.0570,8.7635,-1.1622,-0.9744,0.784,1
392,13079,1.1560,-0.0227,9.0379,8.7393,-1.1588,-0.9687,0.784,1
393,13113,1.1541,-0.0227,9.0236,8.7195,-1.1557,-0.9637,0.783,1
394,13146,1.1463,-0.0226,9.0130,8.7047,-1.1501,-0.9598,0.785,1
395,13179,1.1360,-0.0193,8.9829,8.6837,-1.1417,-0.9557,0.783,1
396,13213,1.1331,-0.0193,8.9605,8.6621,-1.1351,-0.9509,0.783,1
397,13246,1.1213,-0.0193,8.9439,8.6429,-1.1257,-0.9463,0.784,1
398,13279,1.1101,-0.0192,8.9317,8.6274,-1.1148,-0.9424,0.784,1
399,13313,1.0993,-0.0192,8.9227,8.6159,-1.1033,-0.9394,0.783,1
400,13346,1.0926,-0.0160,8.8942,8.5974,-1.0935,-0.9360,0.785,1
401,13380,1.0900,-0.0159,8.8729,8.5776,-1.0870,-0.9317,0.785,1
402,13413,1.0472,-0.0127,8.8361,8.5493,-1.0634,-0.9263,0.782,1
403,13446,1.0313,-0.0126,8.8089,8.5204,-1.0410,-0.9198,0.780,1
404,13480,1.0131,-0.0126,8.7889,8.4948,-1.0192,-0.9137,0.776,1
405,13513,0.9892,-0.0126,8.7743,8.4745,-0.9955,-0.9086,0.776,1
406,13546,0.9880,-0.0126,8.7634,8.4595,-0.9818,-0.9046,0.776,1
407,13580,0.9722,-0.0094,8.7343,8.4391,-0.9680,-0.9006,0.774,1
408,13613,0.9509,-0.0094,8.7130,8.4186,-0.9512,-0.8960,0.772,1
409,13646,0.9251,-0.0062,8.6766,8.3905,-0.9299,-0.8905,0.769,1
410,13680,0.9067,-0.0062,8.6497,8.3622,-0.9093,-0.8842,0.768,1
411,13713,0.9046,-0.0062,8.6297,8.3374,-0.8974,-0.8782,0.768,1
412,13747,0.8814,0.0061,8.6150,8.3163,-0.8810,-0.8791,0.766,1
413,13780,0.8555,0.0061,8.6044,8.3010,-0.8600,-0.8792,0.762,1
414,13813,0.8300,0.0061,8.5968,8.2911,-0.8361,-0.8788,0.761,1
415,13847,0.7845,0.0092,8.5714,8.2753,-0.8005,-0.8772,0.760,1
416,13880,0.7827,0.0091,8.5525,8.2586,-0.7791,-0.8740,0.761,1
417,13913,0.7539,0.0091,8.5387,8.2436,-0.7546,-0.8703,0.761,1
418,13947,0.7254,0.0091,8.5287,8.2315,-0.7280,-0.8669,0.758,1
419,13980,0.6987,0.0121,8.5016,8.2127,-0.7010,-0.8631,0.756,1
420,14014,0.6788,0.0121,8.4816,8.1930,-0.6771,-0.8584,0.753,1
421,14047,0.6776,0.0121,8.4667,8.1754,-0.6648,-0.8539,0.753,1
422,14080,0.6222,0.0121,8.4561,8.1614,-0.6331,-0.8501,0.750,1
423,14114,0.5612,0.0121,8.4488,8.1514,-0.5850,-0.8473,0.748,1
424,14147,0.5234,0.0150,8.4241,8.1351,-0.5381,-0.8443,0.749,1
425,14180,0.4730,0.0060,8.3867,8.1097,-0.4870,-0.8336,0.749,1
426,14214,0.4715,0.0060,8.3588,8.0818,-0.4586,-0.8235,0.749,1
427,14247,0.4107,0.0059,8.3385,8.0566,-0.4160,-0.8151,0.748,1
428,14280,0.3734,0.0089,8.3046,8.0265,-0.3752,-0.8077,0.749,1
429,14314,0.3368,0.0089,8.2796,7.9982,-0.3362,-0.8009,0.749,1
430,14347,0.2830,0.0088,8.2612,7.9748,-0.2898,-0.7952,0.749,1
431,14381,0.2825,0.0088,8.2474,7.9569,-0.2655,-0.7908,0.749,1
432,14414,0.2170,0.0117,8.2188,7.9349,-0.2232,-0.7867,0.748,1
433,14447,0.1696,0.0117,8.1977,7.9139,-0.1772,-0.7822,0.749,1
434,14481,0.1284,0.0117,8.1820,7.8961,-0.1324,-0.7780,0.749,1
435,14514,0.0729,0.0117,8.1704,7.8824,-0.0814,-0.7746,0.748,1
436,14547,0.0728,0.0116,8.1617,7.8725,-0.0549,-0.7720,0.749,1
437,14581,0.0175,0.0116,8.1552,7.8658,-0.0168,-0.7701,0.749,1
438,14614,-0.0291,0.0116,8.1503,7.8616,0.0255,-0.7689,0.749,1
439,14647,-0.0639,0.0116,8.1467,7.8592,0.0646,-0.7681,0.749,1
440,14681,-0.1391,0.0145,8.1256,7.8484,0.1221,-0.7666,0.748,1
441,14714,-0.1389,0.0145,8.1099,7.8347,0.1529,-0.7639,0.749,1
442,14748,-0.2080,0.0144,8.0980,7.8213,0.2010,-0.7608,0.748,1
443,14781,-0.2597,0.0144,8.0888,7.8098,0.2521,-0.7579,0.749,1
444,14814,-0.3028,0.0144,8.0818,7.8006,0.3005,-0.7555,0.749,1
445,14848,-0.3718,0.0144,8.0761,7.7937,0.3598,-0.7536,0.748,1
446,14881,-0.3687,0.0144,8.0718,7.7888,0.3892,-0.7522,0.749,1
447,14914,-0.4637,0.0144,8.0680,7.7853,0.4487,-0.7511,0.748,1
448,14948,-0.5068,0.0144,8.0647,7.7826,0.5024,-0.7503,0.749,1
449,14981,-0.5586,0.0144,8.0618,7.7805,0.5559,-0.7497,0.751,1
450,15015,-0.6104,0.0144,8.0591,7.7787,0.6089,-0.7492,0.755,1
451,15048,-0.6102,0.0144,8.0570,7.7771,0.6349,-0.7487,0.756,1
452,15081,-0.7038,0.0172,8.0366,7.7661,0.6913,-0.7473,0.751,1
453,15115,-0.7415,0.0143,8.0386,7.7608,0.7403,-0.7453,0.758,1
454,15148,-0.7930,0.0200,8.0040,7.7403,0.7908,-0.7424,0.758,1
455,15181,-0.8640,0.0171,7.9947,7.7236,0.8522,-0.7381,0.763,1
456,15215,-0.8632,0.0171,7.9877,7.7111,0.8837,-0.7346,0.764,1
457,15248,-0.9201,0.0171,7.9816,7.7019,0.9247,-0.7320,0.768,1
458,15281,-1.0029,0.0171,7.9757,7.6951,0.9864,-0.7300,0.763,1
459,15315,-1.0518,0.0199,7.9528,7.6808,1.0444,-0.7275,0.770,1
460,15348,-1.1217,0.0113,7.9169,7.6565,1.1097,-0.7172,0.772,1
461,15382,-1.1179,0.0113,7.8902,7.6292,1.1417,-0.7074,0.773,1
462,15415,-1.1806,0.0112,7.8689,7.6036,1.1853,-0.6990,0.773,1
463,15448,-1.2408,0.0112,7.8517,7.5816,1.2366,-0.6924,0.775,1
464,15482,-1.3300,0.0112,7.8367,7.5634,1.3081,-0.6873,0.769,1
465,15515,-1.3851,0.0112,7.8241,7.5489,1.3750,-0.6834,0.773,1
466,15548,-1.3834,0.0112,7.8147,7.5382,1.4084,-0.6807,0.774,1
467,15582,-1.4477,0.0112,7.8060,7.5299,1.4533,-0.6787,0.777,1
468,15615,-1.5264,0.0111,7.7974,7.5229,1.5146,-0.6770,0.774,1
469,15648,-1.6080,0.0111,7.7886,7.5161,1.5884,-0.6753,0.773,1
470,15682,-1.6696,0.0111,7.7801,7.5094,1.6594,-0.6736,0.777,1
471,15715,-1.6683,0.0111,7.7738,7.5034,1.6949,-0.6720,0.778,1
472,15749,-1.7561,0.0111,7.7663,7.4973,1.7527,-0.6704,0.771,1
473,15782,-1.8094,0.0111,7.7589,7.4909,1.8088,-0.6687,0.773,1
474,15815,-1.8772,0.0111,7.7511,7.4840,1.8710,-0.6669,0.772,1
475,15849,-1.9767,0.0111,7.7418,7.4761,1.9534,-0.6647,0.768,1
476,15882,-1.9749,0.0111,7.7347,7.4686,1.9967,-0.6627,0.771,1
477,15915,-2.0531,0.0083,7.7435,7.4696,2.0541,-0.6615,0.768,1
478,15949,-2.1276,0.0083,7.7474,7.4734,2.1201,-0.6615,0.766,1
479,15982,-2.1821,0.0111,7.7312,7.4682,2.1815,-0.6611,0.768,1
480,16016,-2.2253,0.0111,7.7173,7.4582,2.2336,-0.6591,0.767,1
481,16049,-2.2223,0.0111,7.7068,7.4470,2.2560,-0.6565,0.768,1
482,16082,-2.2638,0.0110,7.6972,7.4358,2.2823,-0.6538,0.770,1
483,16116,-2.3514,0.0082,7.7032,7.4330,2.3369,-0.6517,0.762,1
484,16149,-2.4116,0.0082,7.7052,7.4336,2.3969,-0.6510,0.763,1
485,16182,-2.4415,0.0082,7.7053,7.4352,2.4440,-0.6508,0.763,1
486,16216,-2.4415,0.0082,7.7055,7.4370,2.4665,-0.6510,0.764,1
487,16249,-2.5036,0.0082,7.7028,7.4372,2.5049,-0.6510,0.764,1
488,16282,-2.5474,0.0082,7.6988,7.4355,2.5459,-0.6505,0.762,1
489,16316,-2.5850,0.0082,7.6940,7.4321,2.5854,-0.6497,0.762,1
490,16349,-2.6224,0.0082,7.6886,7.4273,2.6237,-0.6485,0.761,1
491,16383,-2.6210,0.0082,7.6845,7.4225,2.6414,-0.6472,0.761,1
492,16416,-2.6438,0.0082,7.6803,7.4177,2.6582,-0.6460,0.760,1
493,16449,-2.6635,0.0082,7.6762,7.4132,2.6740,-0.6448,0.755,1
494,16483,-2.7162,0.0082,7.6705,7.4080,2.7069,-0.6434,0.758,1
495,16516,-2.7415,0.0082,7.6649,7.4025,2.7375,-0.6420,0.759,1
496,16549,-2.7400,0.0082,7.6607,7.3976,2.7523,-0.6407,0.759,1
497,16583,-2.7479,0.0082,7.6571,7.3935,2.7614,-0.6395,0.756,1
498,16616,-2.7619,0.0082,7.6537,7.3898,2.7707,-0.6386,0.754,1
499,16649,-2.7819,0.0082,7.6500,7.3864,2.7839,-0.6377,0.755,1
500,16683,-2.7869,0.0082,7.6470,7.3834,2.7926,-0.6368,0.754,1
501,16716,-2.7861,0.0082,7.6448,7.3810,2.7954,-0.6362,0.754,1
502,16750,-2.7974,0.0082,7.6425,7.3789,2.8009,-0.6356,0.754,1
503,16783,-2.8058,0.0082,7.6403,7.3770,2.8073,-0.6351,0.755,1
504,16816,-2.8082,0.0082,7.6385,7.3753,2.8114,-0.6346,0.756,1
505,16850,-2.8107,0.0082,7.6370,7.3739,2.8141,-0.6343,0.754,1
506,16883,-2.8103,0.0082,7.6359,7.3728,2.8146,-0.6340,0.755,1
507,16916,-2.8099,0.0082,7.6350,7.3720,2.8139,-0.6338,0.755,1
508,16950,-2.8097,0.0082,7.6344,7.3714,2.8128,-0.6336,0.755,1
509,16983,-2.7946,0.0082,7.6347,7.3714,2.8039,-0.6336,0.753,1
510,17017,-2.7947,0.0082,7.6349,7.3717,2.7980,-0.6337,0.753,1
511,17050,-2.7947,0.0082,7.6351,7.3721,2.7946,-0.6338,0.753,1
512,17083,-2.7858,0.0082,7.6357,7.3727,2.7884,-0.6339,0.753,1
513,17117,-2.7859,0.0082,7.6361,7.3733,2.7850,-0.6341,0.754,1
514,17150,-2.7801,0.0082,7.6367,7.3740,2.7805,-0.6343,0.754,1
515,17183,-2.7683,0.0082,7.6378,7.3749,2.7722,-0.6346,0.756,1
516,17217,-2.7686,0.0082,7.6386,7.3759,2.7676,-0.6348,0.756,1
517,17250,-2.7479,0.0082,7.6402,7.3772,2.7549,-0.6352,0.755,1
518,17283,-2.7453,0.0054,7.6586,7.3874,2.7462,-0.6364,0.757,1
519,17317,-2.7323,0.0054,7.6733,7.4012,2.7351,-0.6391,0.758,1
520,17350,-2.7123,0.0054,7.6855,7.4156,2.7190,-0.6425,0.758,1
521,17384,-2.7155,0.0054,7.6947,7.4283,2.7116,-0.6456,0.758,1
522,17417,-2.6820,0.0054,7.7033,7.4393,2.6915,-0.6485,0.756,1
523,17450,-2.6693,0.0054,7.7106,7.4482,2.6735,-0.6510,0.758,1
524,17484,-2.6500,0.0026,7.7342,7.4644,2.6542,-0.6539,0.758,1
525,17517,-2.6321,0.0026,7.7532,7.4826,2.6348,-0.6579,0.759,1
526,17550,-2.6370,0.0026,7.7674,7.4995,2.6274,-0.6619,0.759,1
527,17584,-2.6106,0.0026,7.7796,7.5143,2.6119,-0.6657,0.760,1
528,17617,-2.5716,0.0026,7.7906,7.5268,2.5841,-0.6691,0.757,1
529,17650,-2.5388,0.0055,7.7832,7.5284,2.5516,-0.6711,0.761,1
530,17684,-2.4951,0.0055,7.7794,7.5253,2.5111,-0.6713,0.760,1
531,17717,-2.4942,0.0055,7.7766,7.5202,2.4882,-0.6706,0.761,1
532,17751,-2.4697,0.0055,7.7756,7.5155,2.4655,-0.6697,0.761,1
533,17784,-2.4041,0.0055,7.7777,7.5132,2.4215,-0.6692,0.762,1
534,17817,-2.3749,0.0055,7.7805,7.5131,2.3821,-0.6692,0.763,1
535,17851,-2.3282,0.0055,7.7846,7.5152,2.3377,-0.6697,0.760,1
536,17884,-2.3292,0.0055,7.7877,7.5183,2.3149,-0.6704,0.761,1
537,17917,-2.2826,0.0055,7.7919,7.5223,2.2824,-0.6714,0.765,1
538,17951,-2.2481,0.0055,7.7966,7.5271,2.2489,-0.6726,0.765,1
539,17984,-2.2078,0.0055,7.8017,7.5323,2.2118,-0.6740,0.763,1
540,18018,-2.1707,0.0055,7.8070,7.5379,2.1740,-0.6755,0.763,1
541,18051,-2.1718,0.0055,7.8110,7.5429,2.1556,-0.6768,0.764,1
542,18084,-2.1373,0.0055,7.8154,7.5476,2.1318,-0.6781,0.761,1
543,18118,-2.0825,0.0055,7.8207,7.5525,2.0930,-0.6794,0.765,1
544,18151,-2.0249,0.0055,7.8269,7.5580,2.0427,-0.6809,0.767,1
545,18184,-1.9940,0.0055,7.8327,7.5637,1.9993,-0.6824,0.764,1
546,18218,-1.9951,0.0055,7.8370,7.5688,1.9778,-0.6838,0.765,1
547,18251,-1.9622,0.0027,7.8589,7.5824,1.9534,-0.6859,0.762,1
548,18284,-1.8989,0.0027,7.8776,7.5997,1.9106,-0.6896,0.766,1
549,18318,-1.8612,0.0027,7.8931,7.6173,1.8684,-0.6938,0.766,1
550,18351,-1.7908,0.0027,7.9071,7.6339,1.8104,-0.6980,0.769,1
551,18385,-1.7932,0.0027,7.9176,7.6477,1.7801,-0.7016,0.771,1
552,18418,-1.7306,0.0027,7.9275,7.6592,1.7354,-0.7048,0.776,1
553,18451,-1.6913,0.0028,7.9362,7.6687,1.6927,-0.7074,0.773,1
554,18485,-1.6401,0.0028,7.9442,7.6766,1.6453,-0.7096,0.773,1
555,18518,-1.5858,0.0028,7.9519,7.6836,1.5935,-0.7116,0.773,1
556,18551,-1.5870,0.0028,7.9576,7.6893,1.5676,-0.7132,0.774,1
557,18585,-1.5358,-0.0001,7.9810,7.7034,1.5321,-0.7155,0.775,1
558,18618,-1.4807,-0.0001,8.0002,7.7208,1.4871,-0.7192,0.776,1
559,18651,-1.4541,-0.0001,8.0155,7.7380,1.4505,-0.7232,0.773,1
560,18685,-1.3509,-0.0001,8.0295,7.7541,1.3803,-0.7273,0.778,1
561,18718,-1.3526,-0.0001,8.0400,7.7675,1.3419,-0.7308,0.781,1
562,18752,-1.2896,-0.0001,8.0494,7.7784,1.2927,-0.7338,0.779,1
563,18785,-1.2352,-0.0001,8.0577,7.7872,1.2403,-0.7362,0.780,1
564,18818,-1.1777,-0.0001,8.0651,7.7945,1.1844,-0.7383,0.779,1
565,18852,-1.1406,-0.0000,8.0715,7.8005,1.1370,-0.7400,0.778,1
566,18885,-1.1412,-0.0000,8.0763,7.8051,1.1148,-0.7413,0.779,1
567,18918,-1.0799,-0.0029,8.0991,7.8183,1.0772,-0.7433,0.779,1
568,18952,-1.0236,-0.0029,8.1174,7.8348,1.0305,-0.7467,0.779,1
569,18985,-0.9726,-0.0029,8.1321,7.8512,0.9804,-0.7506,0.778,1
570,19019,-0.9291,0.0058,8.1623,7.8737,0.9323,-0.7610,0.776,1
571,19052,-0.9317,0.0058,8.1850,7.8975,0.9094,-0.7703,0.776,1
572,19085,-0.8835,0.0058,8.2029,7.9192,0.8774,-0.7779,0.773,1
573,19119,-0.8111,0.0059,8.2175,7.9375,0.8261,-0.7837,0.777,1
574,19152,-0.7531,0.0059,8.2292,7.9520,0.7688,-0.7879,0.777,1
575,19185,-0.7112,0.0029,8.2573,7.9724,0.7167,-0.7918,0.773,1
576,19219,-0.7130,0.0029,8.2785,7.9934,0.6908,-0.7962,0.773,1
577,19252,-0.6639,0.0029,8.2950,8.0122,0.6569,-0.8005,0.774,1
578,19285,-0.6113,0.0030,8.3081,8.0278,0.6148,-0.8041,0.773,1
579,19319,-0.5704,0.0030,8.3183,8.0399,0.5727,-0.8071,0.770,1
580,19352,-0.5005,-0.0000,8.3457,8.0586,0.5164,-0.8105,0.768,1
581,19386,-0.5018,-0.0000,8.3664,8.0784,0.4862,-0.8148,0.769,1
582,19419,-0.4608,-0.0000,8.3823,8.0965,0.4531,-0.8191,0.767,1
583,19452,-0.4134,-0.0000,8.3946,8.1115,0.4142,-0.8229,0.764,1
584,19486,-0.3509,-0.0000,8.4043,8.1232,0.3634,-0.8260,0.762,1
585,19519,-0.3001,-0.0000,8.4118,8.1318,0.3106,-0.8284,0.760,1
586,19552,-0.3003,-0.0000,8.4175,8.1378,0.2824,-0.8302,0.761,1
587,19586,-0.2469,-0.0030,8.4415,8.1516,0.2446,-0.8324,0.759,1
588,19619,-0.1961,-0.0030,8.4598,8.1678,0.2008,-0.8358,0.757,1
589,19652,-0.1511,-0.0030,8.4737,8.1833,0.1556,-0.8394,0.756,1
590,19686,-0.0971,-0.0061,8.5040,8.2064,0.1053,-0.8438,0.754,1
591,19719,-0.0973,-0.0061,8.5270,8.2305,0.0786,-0.8492,0.755,1
592,19753,-0.0548,-0.0061,8.5443,8.2522,0.0471,-0.8544,0.755,1
593,19786,0.0000,-0.0061,8.5573,8.2698,0.0054,-0.8589,0.751,1
594,19819,0.0796,-0.0092,8.5873,8.2930,-0.0557,-0.8635,0.748,1
595,19853,0.1136,-0.0092,8.6099,8.3161,-0.1073,-0.8688,0.749,1
596,19886,0.1138,-0.0092,8.6269,8.3364,-0.1348,-0.8737,0.750,1
597,19919,0.1479,-0.0092,8.6396,8.3526,-0.1623,-0.8778,0.751,1
598,19953,0.1979,-0.0124,8.6696,8.3747,-0.1985,-0.8822,0.749,1
599,19986,0.2480,-0.0124,8.6920,8.3970,-0.2413,-0.8872,0.749,1
600,20020,0.2913,-0.0217,8.6880,8.4080,-0.2855,-0.8850,0.749,1
601,20053,0.2912,-0.0217,8.6849,8.4106,-0.3090,-0.8823,0.750,1
602,20086,0.3407,-0.0217,8.6824,8.4083,-0.3424,-0.8798,0.749,1
603,20120,0.3726,-0.0248,8.7011,8.4138,-0.3748,-0.8788,0.750,1
604,20153,0.4292,-0.0249,8.7148,8.4226,-0.4186,-0.8799,0.749,1
605,20186,0.4858,-0.0249,8.7246,8.4320,-0.4702,-0.8819,0.749,1
606,20220,0.4862,-0.0249,8.7321,8.4407,-0.4994,-0.8842,0.749,1
607,20253,0.5209,-0.0250,8.7373,8.4476,-0.5293,-0.8863,0.749,1
608,20286,0.5443,-0.0282,8.7622,8.4630,-0.5548,-0.8891,0.749,1
609,20320,0.5957,-0.0282,8.7804,8.4806,-0.5911,-0.8931,0.749,1
610,20353,0.6281,-0.0283,8.7939,8.4972,-0.6263,-0.8971,0.749,1
611,20387,0.6288,-0.0283,8.8040,8.5112,-0.6452,-0.9007,0.749,1
612,20420,0.6641,-0.0283,8.8112,8.5218,-0.6695,-0.9035,0.749,1
613,20453,0.7072,-0.0316,8.8376,8.5395,-0.7020,-0.9067,0.749,1
614,20487,0.7406,-0.0317,8.8572,8.5585,-0.7357,-0.9108,0.749,1
615,20520,0.7691,-0.0350,8.8933,8.5862,-0.7676,-0.9160,0.749,1
616,20553,0.7715,-0.0351,8.9206,8.6152,-0.7858,-0.9223,0.749,1
617,20587,0.8213,-0.0352,8.9405,8.6411,-0.8168,-0.9284,0.749,1
618,20620,0.8408,-0.0385,8.9775,8.6726,-0.8431,-0.9349,0.749,1
619,20653,0.8661,-0.0387,9.0051,8.7032,-0.8686,-0.9418,0.749,1
620,20687,0.8908,-0.0387,9.0256,8.7294,-0.8933,-0.9481,0.749,1
621,20720,0.8955,-0.0388,9.0410,8.7501,-0.9083,-0.9534,0.749,1
622,20754,0.9194,-0.0389,9.0523,8.7651,-0.9256,-0.9574,0.749,1
623,20787,0.9356,-0.0423,9.0832,8.7860,-0.9416,-0.9615,0.750,1
624,20820,0.9577,-0.0424,9.1062,8.8073,-0.9595,-0.9662,0.750,1
625,20854,0.9751,-0.0458,9.1464,8.8371,-0.9770,-0.9719,0.750,1
626,20887,0.9783,-0.0460,9.1767,8.8680,-0.9875,-0.9787,0.750,1
627,20920,0.9940,-0.0461,9.1994,8.8959,-0.9992,-0.9853,0.752,1
628,20954,1.0116,-0.0496,9.2398,8.9296,-1.0129,-0.9923,0.753,1
629,20987,1.0250,-0.0498,9.2701,8.9624,-1.0263,-0.9998,0.754,1
630,21021,1.0409,-0.0499,9.2928,8.9908,-1.0406,-1.0066,0.757,1
631,21054,1.0428,-0.0500,9.3098,9.0135,-1.0493,-1.0124,0.757,1
632,21087,1.0536,-0.0535,9.3466,9.0415,-1.0581,-1.0181,0.757,1
633,21121,1.0696,-0.0572,9.3984,9.0799,-1.0696,-1.0256,0.758,1
634,21154,1.0809,-0.0574,9.4376,9.1199,-1.0810,-1.0345,0.758,1
635,21187,1.0945,-0.0576,9.4670,9.1561,-1.0933,-1.0430,0.759,1
636,21221,1.0971,-0.0578,9.4892,9.1861,-1.1014,-1.0504,0.759,1
637,21254,1.1053,-0.0614,9.5308,9.2204,-1.1090,-1.0577,0.762,1
638,21287,1.1089,-0.0616,9.5622,9.2532,-1.1144,-1.0653,0.763,1
639,21321,1.1186,-0.0618,9.5858,9.2814,-1.1209,-1.0721,0.764,1
640,21354,1.0763,-0.0652,9.5789,9.2934,-1.1051,-1.0735,0.773,1
641,21388,1.0758,-0.0651,9.5738,9.2945,-1.0924,-1.0727,0.774,1
642,21421,1.0609,-0.0687,9.5954,9.3011,-1.0766,-1.0722,0.779,1
643,21454,1.0592,-0.0688,9.6118,9.3100,-1.0651,-1.0732,0.778,1
644,21488,1.0502,-0.0689,9.6243,9.3193,-1.0540,-1.0749,0.782,1
645,21521,1.0540,-0.0726,9.6593,9.3393,-1.0491,-1.0782,0.782,1
646,21554,1.0604,-0.0728,9.6857,9.3630,-1.0498,-1.0832,0.782,1
647,21588,1.0626,-0.0729,9.7055,9.3862,-1.0526,-1.0887,0.785,1
648,21621,1.0712,-0.0731,9.7204,9.4064,-1.0592,-1.0937,0.788,1
649,21654,1.0683,-0.0768,9.7578,9.4343,-1.0631,-1.0994,0.790,1
650,21688,1.0643,-0.0770,9.7862,9.4634,-1.0642,-1.1059,0.794,1
651,21721,1.0667,-0.0772,9.8075,9.4899,-1.0658,-1.1123,0.795,1
652,21755,1.0684,-0.0773,9.8236,9.5120,-1.0676,-1.1178,0.795,1
653,21788,1.0726,-0.0812,9.8624,9.5409,-1.0706,-1.1237,0.797,1
654,21821,1.0758,-0.0814,9.8917,9.5704,-1.0739,-1.1303,0.796,1
655,21855,1.0776,-0.0854,9.9410,9.6089,-1.0767,-1.1380,0.799,1
656,21888,1.0816,-0.0857,9.9783,9.6482,-1.0802,-1.1468,0.799,1
657,21921,1.0883,-0.0859,10.0064,9.6837,-1.0853,-1.1551,0.797,1
658,21955,1.0725,-0.0861,10.0278,9.7133,-1.0816,-1.1624,0.800,1
659,21988,1.0736,-0.0901,10.0719,9.7484,-1.0790,-1.1698,0.801,1
660,22022,1.0699,-0.0904,10.1053,9.7827,-1.0752,-1.1776,0.803,1
661,22055,1.0726,-0.0906,10.1305,9.8129,-1.0736,-1.1848,0.803,1
662,22088,1.0636,-0.0908,10.1496,9.8376,-1.0687,-1.1909,0.803,1
663,22122,1.0834,-0.0982,10.1637,9.8571,-1.0739,-1.1927,0.801,1
664,22155,1.0772,-0.0983,10.1744,9.8710,-1.0752,-1.1940,0.803,1
665,22188,1.0884,-0.1023,10.2110,9.8925,-1.0810,-1.1966,0.804,1
666,22222,1.0950,-0.1026,10.2385,9.9158,-1.0881,-1.2006,0.804,1
667,22255,1.1010,-0.1028,10.2592,9.9378,-1.0954,-1.2052,0.806,1
668,22288,1.1026,-0.1029,10.2748,9.9567,-1.1010,-1.2096,0.806,1
669,22322,1.1039,-0.1031,10.2865,9.9717,-1.1049,-1.2133,0.805,1
670,22355,1.0974,-0.1031,10.2954,9.9829,-1.1043,-1.2164,0.803,1
671,22389,1.0944,-0.1032,10.3021,9.9908,-1.1018,-1.2187,0.802,1
672,22422,1.0950,-0.1033,10.3072,9.9959,-1.0998,-1.2203,0.800,1
673,22455,1.0991,-0.1033,10.3109,9.9989,-1.0999,-1.2214,0.799,1
674,22489,1.1037,-0.0994,10.2844,9.9876,-1.1018,-1.2204,0.794,1
675,22522,1.1016,-0.0992,10.2647,9.9697,-1.1022,-1.2171,0.791,1
676,22555,1.0963,-0.0990,10.2499,9.9499,-1.1000,-1.2130,0.789,1
677,22589,1.0951,-0.0916,10.2390,9.9305,-1.0979,-1.2118,0.788,1
678,22622,1.0942,-0.0915,10.2307,9.9141,-1.0960,-1.2103,0.788,1
679,22655,1.1009,-0.0915,10.2245,9.9012,-1.0976,-1.2086,0.784,1
680,22689,1.1010,-0.0875,10.1910,9.8792,-1.0989,-1.2055,0.782,1
681,22722,1.1056,-0.0946,10.1660,9.8556,-1.1019,-1.1976,0.778,1
682,22756,1.0999,-0.0944,10.1473,9.8330,-1.1016,-1.1902,0.775,1
683,22789,1.0948,-0.0943,10.1334,9.8135,-1.0990,-1.1840,0.775,1
684,22822,1.0834,-0.0831,10.0950,9.7850,-1.0920,-1.1805,0.769,1
685,22856,1.0839,-0.0828,10.0664,9.7553,-1.0872,-1.1757,0.765,1
686,22889,1.0925,-0.0827,10.0448,9.7282,-1.0879,-1.1706,0.763,1
687,22922,1.0949,-0.0787,10.0010,9.6934,-1.0900,-1.1643,0.763,1
688,22956,1.0913,-0.0785,9.9684,9.6584,-1.0902,-1.1569,0.763,1
689,22989,1.0923,-0.0783,9.9440,9.6274,-1.0908,-1.1498,0.759,1
690,23023,1.1152,-0.0782,9.9254,9.6018,-1.1015,-1.1435,0.755,1
691,23056,1.1107,-0.0743,9.8845,9.5704,-1.1072,-1.1370,0.753,1
692,23089,1.1250,-0.0741,9.8538,9.5392,-1.1171,-1.1298,0.751,1
693,23123,1.1188,-0.0739,9.8309,9.5119,-1.1209,-1.1232,0.752,1
694,23156,1.1244,-0.0701,9.7872,9.4778,-1.1252,-1.1161,0.751,1
695,23189,1.1343,-0.0665,9.7808,9.4551,-1.1319,-1.1129,0.749,1
696,23223,1.1408,-0.0665,9.7759,9.4416,-1.1388,-1.1111,0.750,1
697,23256,1.1197,-0.0628,9.7463,9.4233,-1.1334,-1.1089,0.750,1
698,23289,1.1172,-0.0627,9.7242,9.4045,-1.1275,-1.1056,0.750,1
699,23323,1.1153,-0.0626,9.7077,9.3876,-1.1221,-1.1019,0.751,1
700,23356,1.1624,-0.0522,9.7206,9.3833,-1.1394,-1.1059,0.749,1
701,23390,1.5140,-0.0591,9.6713,9.3629,-1.3112,-1.1006,0.741,1
702,23423,1.4803,-0.0589,9.6353,9.3352,-1.4164,-1.0930,0.748,1
703,23456,1.4762,-0.0587,9.6085,9.3065,-1.4801,-1.0850,0.748,1
704,23490,1.2234,-0.0585,9.5935,9.2830,-1.3995,-1.0783,0.745,1
705,23523,1.1837,-0.0482,9.6084,9.2752,-1.3150,-1.0806,0.749,1
706,23556,1.1882,-0.0380,9.6452,9.2879,-1.2541,-1.0918,0.750,1
707,23590,1.1916,-0.0381,9.6729,9.3119,-1.2136,-1.1034,0.750,1
708,23623,1.1942,-0.0382,9.6939,9.3395,-1.1895,-1.1139,0.750,1
709,23656,1.1927,-0.0383,9.7097,9.3659,-1.1761,-1.1226,0.750,1
710,23690,1.1906,-0.0383,9.7217,9.3887,-1.1699,-1.1292,0.750,1
711,23723,1.1847,-0.0384,9.7308,9.4067,-1.1665,-1.1339,0.750,1
712,23757,1.1856,-0.0384,9.7376,9.4199,-1.1673,-1.1369,0.750,1
713,23790,1.1862,-0.0384,9.7428,9.4289,-1.1703,-1.1387,0.750,1
714,23823,1.1726,-0.0384,9.7469,9.4346,-1.1680,-1.1397,0.750,1
715,23857,1.1449,-0.0384,9.7504,9.4381,-1.1549,-1.1401,0.749,1
716,23890,1.1417,-0.0384,9.7531,9.4399,-1.1449,-1.1402,0.750,1
717,23923,1.0892,-0.0384,9.7560,9.4410,-1.1156,-1.1402,0.749,1
718,23957,1.0895,-0.0384,9.7582,9.4416,-1.0961,-1.1401,0.750,1
719,23990,1.0926,-0.0421,9.7861,9.4536,-1.0859,-1.1416,0.750,1
720,24024,1.0491,-0.0421,9.8079,9.4708,-1.0617,-1.1449,0.749,1
721,24057,1.0261,-0.0422,9.8246,9.4893,-1.0365,-1.1490,0.749,1
722,24090,1.0133,-0.0422,9.8374,9.5065,-1.0155,-1.1531,0.750,1
723,24124,1.0037,-0.0423,9.8472,9.5212,-0.9992,-1.1568,0.750,1
724,24157,0.9752,-0.0460,9.8818,9.5446,-0.9782,-1.1614,0.749,1
725,24190,0.9920,-0.0461,9.9077,9.5703,-0.9733,-1.1670,0.750,1
726,24224,0.9655,-0.0462,9.9276,9.5946,-0.9613,-1.1728,0.749,1
727,24257,0.9696,-0.0499,9.9699,9.6273,-0.9568,-1.1795,0.750,1
728,24290,0.9727,-0.0501,10.0018,9.6612,-0.9571,-1.1871,0.750,1
729,24324,0.8432,-0.0608,9.9999,9.6822,-0.9027,-1.1871,0.747,1
730,24357,0.7161,-0.0573,10.0275,9.7044,-0.8095,-1.1907,0.747,1
731,24391,0.7500,-0.0646,10.0480,9.7260,-0.7604,-1.1919,0.749,1
732,24424,0.9856,-0.0720,10.0605,9.7438,-0.8337,-1.1905,0.744,1
733,24457,0.9865,-0.0720,10.0699,9.7569,-0.8939,-1.1899,0.747,1
734,24491,0.9438,-0.0793,10.0775,9.7669,-0.9204,-1.1871,0.747,1
735,24524,0.7853,-0.0793,10.0851,9.7744,-0.8693,-1.1857,0.747,1
736,24557,0.8749,-0.0832,10.1179,9.7913,-0.8693,-1.1867,0.747,1
737,24591,0.8407,-0.0834,10.1431,9.8118,-0.8552,-1.1902,0.748,1
738,24624,0.8423,-0.0835,10.1621,9.8323,-0.8462,-1.1948,0.748,1
739,24657,0.6904,-0.0836,10.1780,9.8511,-0.7752,-1.1997,0.747,1
740,24691,0.6695,-0.0768,10.2476,9.8900,-0.7162,-1.2133,0.749,1
741,24724,0.6361,-0.0772,10.3008,9.9374,-0.6627,-1.2286,0.749,1
742,24758,0.3996,-0.0814,10.3721,9.9978,-0.5296,-1.2449,0.745,1
743,24791,0.4017,-0.0818,10.4263,10.0596,-0.4384,-1.2613,0.750,1
744,24824,0.2837,-0.0821,10.4679,10.1161,-0.3320,-1.2761,0.749,1
745,24858,0.3557,-0.0824,10.4989,10.1633,-0.2947,-1.2884,0.748,1
746,24891,0.3237,-0.0866,10.5530,10.2130,-0.2662,-1.2997,0.749,1
747,24924,0.4396,-0.1014,10.5320,10.2352,-0.3051,-1.2977,0.747,1
748,24958,0.4389,-0.1013,10.5163,10.2375,-0.3426,-1.2926,0.750,1
749,24991,0.2638,-0.0867,10.5663,10.2519,-0.3014,-1.2990,0.746,1
750,25025,0.1289,-0.0910,10.6355,10.2861,-0.2177,-1.3086,0.747,1
751,25058,0.0953,-0.0915,10.6881,10.3282,-0.1452,-1.3204,0.750,1
752,25091,0.0691,-0.0959,10.7595,10.3837,-0.0863,-1.3339,0.750,1
753,25125,0.0694,-0.0964,10.8137,10.4416,-0.0498,-1.3483,0.750,1
754,25158,0.0464,-0.0967,10.8548,10.4951,-0.0208,-1.3618,0.750,1
755,25191,0.0271,-0.1083,10.8533,10.5290,0.0014,-1.3655,0.750,1
756,25225,0.0893,-0.0970,10.8846,10.5584,-0.0137,-1.3743,0.749,1
757,25258,0.0739,-0.0972,10.9082,10.5831,-0.0243,-1.3818,0.750,1
758,25291,0.0740,-0.0974,10.9260,10.6025,-0.0358,-1.3878,0.750,1
759,25325,0.0548,-0.1017,10.9723,10.6303,-0.0386,-1.3942,0.750,1
760,25358,0.0510,-0.1020,11.0073,10.6599,-0.0405,-1.4012,0.750,1
761,25392,0.0431,-0.1059,11.0004,10.6751,-0.0395,-1.4031,0.750,1
762,25425,0.0197,-0.1101,11.0284,10.6933,-0.0298,-1.4047,0.749,1
763,25458,0.0197,-0.1103,11.0496,10.7112,-0.0230,-1.4070,0.750,1
764,25492,0.0079,-0.1105,11.0655,10.7271,-0.0138,-1.4097,0.750,1
765,25525,-0.0039,-0.1106,11.0775,10.7403,-0.0030,-1.4122,0.750,1
766,25558,-0.0079,-0.1070,11.1203,10.7633,0.0058,-1.4194,0.750,1
767,25592,-0.0079,-0.1110,11.1187,10.7773,0.0113,-1.4225,0.750,1
768,25625,-0.0079,-0.1110,11.1174,10.7843,0.0142,-1.4240,0.750,1
769,25658,-0.0199,-0.1073,11.1505,10.7993,0.0201,-1.4294,0.750,1
770,25692,-0.0200,-0.1119,11.2098,10.8314,0.0237,-1.4373,0.750,1
771,25725,-0.0963,-0.1124,11.2546,10.8705,0.0557,-1.4470,0.748,1
772,25759,-0.0926,-0.1127,11.2885,10.9100,0.0776,-1.4570,0.750,1
773,25792,-0.0928,-0.1129,11.3140,10.9460,0.0923,-1.4661,0.750,1
774,25825,-0.0889,-0.1131,11.3333,10.9762,0.0998,-1.4738,0.750,1
775,25859,-0.0890,-0.1133,11.3477,11.0000,0.1033,-1.4799,0.750,1
776,25892,-0.0810,-0.1134,11.3586,11.0177,0.1008,-1.4844,0.750,1
777,25925,-0.0770,-0.1135,11.3668,11.0298,0.0958,-1.4876,0.750,1
778,25959,-0.0770,-0.1135,11.3729,11.0375,0.0910,-1.4896,0.750,1
779,25992,-0.0244,-0.1180,11.4132,11.0558,0.0661,-1.4927,0.749,1
780,26026,-0.0653,-0.1183,11.4436,11.0783,0.0630,-1.4972,0.750,1
781,26059,-0.0572,-0.1186,11.4665,11.1013,0.0582,-1.5023,0.752,1
782,26092,-0.0491,-0.1187,11.4837,11.1223,0.0520,-1.5071,0.753,1
783,26126,-0.0492,-0.1189,11.4966,11.1401,0.0480,-1.5114,0.754,1
784,26159,-0.0412,-0.1235,11.5428,11.1683,0.0425,-1.5168,0.753,1
785,26192,-0.0330,-0.1238,11.5777,11.1999,0.0359,-1.5237,0.754,1
786,26226,-0.0248,-0.1241,11.6040,11.2306,0.0284,-1.5307,0.755,1
787,26259,-0.0166,-0.1243,11.6238,11.2578,0.0203,-1.5371,0.756,1
788,26292,-0.0166,-0.1245,11.6387,11.2802,0.0149,-1.5427,0.756,1
789,26326,-0.0083,-0.1292,11.6872,11.3120,0.0086,-1.5491,0.756,1
790,26359,0.0000,-0.1296,11.7239,11.3462,0.0015,-1.5566,0.756,1
791,26393,0.0168,-0.1299,11.7516,11.3786,-0.0094,-1.5642,0.757,1
792,26426,0.0252,-0.1301,11.7724,11.4069,-0.0201,-1.5709,0.760,1
793,26459,0.0252,-0.1303,11.7880,11.4299,-0.0271,-1.5767,0.760,1
794,26493,0.0338,-0.1351,11.8381,11.4623,-0.0346,-1.5832,0.760,1
795,26526,0.0466,-0.1355,11.8760,11.4969,-0.0440,-1.5909,0.761,1
796,26559,0.0679,-0.1358,11.9045,11.5297,-0.0582,-1.5985,0.761,1
797,26593,0.0853,-0.1322,11.9652,11.5723,-0.0744,-1.6106,0.763,1
798,26626,0.0856,-0.1328,12.0110,11.6172,-0.0856,-1.6231,0.763,1
799,26659,0.1031,-0.1245,12.0457,11.6587,-0.0991,-1.6380,0.765,1
800,26693,0.1166,-0.1295,12.1120,11.7098,-0.1130,-1.6526,0.763,1
801,26726,0.1297,-0.1426,12.1216,11.7486,-0.1269,-1.6587,0.765,1
802,26760,0.1470,-0.1427,12.1287,11.7751,-0.1423,-1.6623,0.765,1
803,26793,0.1471,-0.1428,12.1341,11.7917,-0.1524,-1.6641,0.766,1
804,26826,0.1650,-0.1476,12.1787,11.8158,-0.1650,-1.6668,0.766,1
805,26860,0.2090,-0.1393,12.2123,11.8410,-0.1892,-1.6741,0.767,1
806,26893,0.2277,-0.1357,12.2788,11.8796,-0.2130,-1.6865,0.763,1
807,26926,0.2374,-0.1451,12.3291,11.9240,-0.2328,-1.6967,0.764,1
808,26960,0.2381,-0.1455,12.3671,11.9676,-0.2460,-1.7070,0.764,1
809,26993,0.2484,-0.1419,12.4381,12.0211,-0.2575,-1.7217,0.766,1
810,27027,0.2539,-0.1425,12.4919,12.0766,-0.2661,-1.7368,0.768,1
811,27060,0.2502,-0.1430,12.5325,12.1284,-0.2693,-1.7507,0.771,1
812,27093,0.2419,-0.1433,12.5632,12.1733,-0.2667,-1.7628,0.775,1
813,27127,0.2423,-0.1436,12.5863,12.2100,-0.2632,-1.7725,0.775,1
814,27160,0.2337,-0.1438,12.6037,12.2382,-0.2561,-1.7800,0.782,1
815,27193,0.2429,-0.1440,12.6167,12.2586,-0.2531,-1.7854,0.781,1
816,27227,0.2566,-0.1441,12.6265,12.2722,-0.2554,-1.7890,0.781,1
817,27260,0.2658,-0.1442,12.6338,12.2803,-0.2603,-1.7911,0.783,1
818,27293,0.2659,-0.1442,12.6393,12.2842,-0.2639,-1.7921,0.783,1
819,27327,0.2760,-0.1493,12.6874,12.3010,-0.2699,-1.7947,0.784,1
820,27360,0.2768,-0.1497,12.7237,12.3239,-0.2746,-1.7992,0.784,1
821,27394,0.3036,-0.1541,12.7065,12.3333,-0.2875,-1.7989,0.779,1
822,27427,0.3078,-0.1539,12.6936,12.3330,-0.2985,-1.7968,0.779,1
823,27460,0.3076,-0.1538,12.6840,12.3269,-0.3062,-1.7937,0.780,1
824,27494,0.3039,-0.1497,12.7211,12.3329,-0.3099,-1.7960,0.780,1
825,27527,0.3046,-0.1500,12.7490,12.3459,-0.3120,-1.8001,0.782,1
826,27560,0.3051,-0.1503,12.7700,12.3622,-0.3130,-1.8049,0.782,1
827,27594,0.3100,-0.1505,12.7858,12.3791,-0.3148,-1.8098,0.783,1
828,27627,0.3103,-0.1506,12.7977,12.3948,-0.3156,-1.8144,0.784,1
829,27660,0.3105,-0.1507,12.8067,12.4084,-0.3158,-1.8182,0.784,1
830,27694,0.3107,-0.1508,12.8134,12.4196,-0.3156,-1.8214,0.784,1
831,27727,0.3108,-0.1508,12.8184,12.4282,-0.3151,-1.8238,0.784,1
832,27761,0.3109,-0.1509,12.8222,12.4344,-0.3145,-1.8255,0.784,1
833,27794,0.3110,-0.1509,12.8250,12.4386,-0.3138,-1.8267,0.784,1
834,27827,0.3065,-0.1509,12.8271,12.4411,-0.3116,-1.8274,0.785,1
835,27861,0.3019,-0.1510,12.8288,12.4423,-0.3081,-1.8277,0.784,1
836,27894,0.3019,-0.1510,12.8300,12.4426,-0.3054,-1.8278,0.784,1
837,27927,0.3020,-0.1510,12.8309,12.4423,-0.3034,-1.8277,0.784,1
838,27961,0.3020,-0.1510,12.8316,12.4416,-0.3020,-1.8274,0.784,1
839,27994,0.3020,-0.1510,12.8321,12.4406,-0.3011,-1.8272,0.784,1
840,28028,0.3066,-0.1510,12.8325,12.4397,-0.3023,-1.8269,0.785,1
841,28061,0.3066,-0.1510,12.8327,12.4387,-0.3034,-1.8266,0.785,1
842,28094,0.3066,-0.1510,12.8330,12.4378,-0.3043,-1.8264,0.785,1
843,28128,0.3066,-0.1510,12.8331,12.4371,-0.3051,-1.8262,0.785,1
844,28161,0.3112,-0.1510,12.8332,12.4365,-0.3074,-1.8260,0.786,1
845,28194,0.3066,-0.1510,12.8333,12.4360,-0.3075,-1.8259,0.787,1
846,28228,0.3066,-0.1510,12.8334,12.4357,-0.3075,-1.8258,0.787,1
847,28261,0.3066,-0.1510,12.8334,12.4354,-0.3074,-1.8257,0.787,1
848,28294,0.3066,-0.1510,12.8335,12.4353,-0.3073,-1.8257,0.787,1
849,28328,0.3066,-0.1510,12.8335,12.4352,-0.3072,-1.8256,0.787,1
850,28361,0.3066,-0.1510,12.8335,12.4351,-0.3070,-1.8256,0.787,1
851,28395,0.3066,-0.1510,12.8335,12.4351,-0.3069,-1.8256,0.787,1
852,28428,0.3066,-0.1510,12.8335,12.4351,-0.3068,-1.8256,0.787,1
853,28461,0.3066,-0.1510,12.8336,12.4352,-0.3068,-1.8256,0.787,1
854,28495,0.3066,-0.1510,12.8336,12.4352,-0.3067,-1.8257,0.787,1
855,28528,0.3066,-0.1510,12.8336,12.4352,-0.3066,-1.8257,0.787,1
856,28561,0.3066,-0.1510,12.8336,12.4353,-0.3066,-1.8257,0.787,1
857,28595,0.3066,-0.1510,12.8336,12.4353,-0.3066,-1.8257,0.787,1
858,28628,0.3066,-0.1510,12.8336,12.4353,-0.3066,-1.8257,0.787,1
859,28661,0.3066,-0.1510,12.8336,12.4353,-0.3066,-1.8257,0.787,1
860,28695,0.3066,-0.1510,12.8336,12.4354,-0.3066,-1.8257,0.787,1
861,28728,0.3066,-0.1510,12.8336,12.4354,-0.3066,-1.8257,0.787,1
862,28762,0.2975,-0.1510,12.8336,12.4354,-0.3033,-1.8257,0.786,1
863,28795,0.2975,-0.1510,12.8336,12.4354,-0.3007,-1.8257,0.787,1
864,28828,0.2975,-0.1510,12.8336,12.4354,-0.2988,-1.8257,0.787,1
865,28862,0.2975,-0.1510,12.8337,12.4354,-0.2975,-1.8257,0.787,1
866,28895,0.2975,-0.1510,12.8337,12.4355,-0.2966,-1.8257,0.787,1
867,28928,0.2929,-0.1510,12.8337,12.4355,-0.2945,-1.8257,0.789,1
868,28962,0.2929,-0.1510,12.8337,12.4355,-0.2930,-1.8257,0.789,1
869,28995,0.2929,-0.1510,12.8337,12.4355,-0.2921,-1.8257,0.788,1
870,29029,0.2929,-0.1510,12.8337,12.4355,-0.2915,-1.8257,0.790,1
871,29062,0.2929,-0.1510,12.8337,12.4355,-0.2913,-1.8257,0.789,1
872,29095,0.2929,-0.1510,12.8337,12.4355,-0.2912,-1.8257,0.789,1
873,29129,0.2929,-0.1510,12.8337,12.4355,-0.2913,-1.8258,0.788,1
874,29162,0.2929,-0.1510,12.8338,12.4356,-0.2915,-1.8258,0.786,1
